"Keyword","YouTube Monthly Search Volume"
"machine learning artificial intelligence","530,309"
"machine learning and artificial intelligence","243,944"
"artificial intelligence and data science","193,098"
"artificial intelligence future","178,926"
"artificial intelligence music","153,365"
"about artificial intelligence","153,365"
"Artificial Intelligence","59,095"
"artificial intelligence","50,412"
"ai artificial intelligence","13,951"
"ai","9,954"
"ai intelligence","9,751"
"artificial intelligence movie","8,789"
"artificial intelligence in hindi","8,649"
"artificial intelligence tutorial","8,370"
"the artificial intelligence","5,803"
"what is artificial intelligence","5,162"
"robot artificial intelligence","4,838"
"artificial intelligence course","4,743"
"artificial intelligence full movie","3,906"
"machine learning","3,758"
"python artificial intelligence","3,488"
"artificial intelligence robot","3,348"
"artificial intelligence trailer","3,209"
"artificial intelligence bomb","2,930"
"artificial intelligence data science","2,731"
"artificial intelligence python","2,652"
"a.i. artificial intelligence","2,651"
"artificial intelligence 2021","2,617"
"learning in artificial intelligence","2,503"
"learn artificial intelligence","2,459"
"artificial intelligence 2020","2,459"
"artificial intelligence in tamil","2,440"
"data science","2,438"
"how to make artificial intelligence","2,305"
"python","2,235"
"artificial intelligence for beginners","2,232"
"artificial intelligence song","2,093"
"elon musk artificial intelligence","2,093"
"data science and artificial intelligence","2,048"
"artificial intelligence and machine learning","1,953"
"nptel artificial intelligence","1,953"
"artificial intelligence introduction","1,953"
"artificial intelligence movies","1,830"
"artificial intelligence engineering","1,814"
"artificial intelligence documentary","1,537"
"sophia artificial intelligence","1,537"
"mit artificial intelligence","1,537"
"artificial intelligence programming","1,535"
"artificial intelligence technology","946"
"introduction to artificial intelligence","941"